Name,Age,Gender,Salary,City
Name1,58,Female,8353,New York
Name2,48,Male,7779,Houston
Name3,34,Female,3663,Phoenix
Name4,27,Male,4998,Phoenix
Name5,40,Male,6445,Chicago
Name6,58,Female,6743,New York
Name7,38,Female,8727,New York
Name8,42,Male,4495,Chicago
Name9,30,Male,6304,Chicago
Name10,30,Female,6763,Chicago
Name11,43,Female,8232,Houston
Name12,55,Female,4853,New York
Name13,59,Male,8616,Houston
Name14,43,Male,9585,Chicago
Name15,22,Male,7659,New York
Name16,41,Male,4291,Houston
Name17,21,Male,6581,Houston
Name18,43,Male,6457,Chicago
Name19,49,Female,4636,New York
Name20,57,Male,6696,Chicago
Name21,21,Male,5999,New York
Name22,40,Male,6152,Phoenix
Name23,52,Female,3698,Los Angeles
Name24,31,Male,5160,Los Angeles
Name25,41,Male,7097,Los Angeles
Name26,44,Female,7737,Chicago
Name27,46,Male,9363,Phoenix
Name28,47,Male,8685,New York
Name29,35,Male,3854,Houston
Name30,34,Male,8855,New York
Name31,22,Male,9528,Houston
Name32,56,Female,6474,New York
Name33,26,Female,8757,Phoenix
Name34,40,Female,8249,Houston
Name35,28,Male,8172,Chicago
Name36,58,Male,4707,New York
Name37,37,Male,5777,New York
Name38,23,Female,8791,Houston
Name39,44,Male,4733,Chicago
Name40,33,Male,8535,Chicago
Name41,28,Female,9390,Phoenix
Name42,45,Male,7931,Chicago
Name43,21,Female,6510,Chicago
Name44,39,Female,3202,Chicago
Name45,47,Female,6255,Los Angeles
Name46,26,Male,7218,Phoenix
Name47,27,Male,7496,New York
Name48,54,Male,3766,Houston
Name49,33,Male,7389,New York
Name50,36,Male,5327,Phoenix
Name51,55,Male,5931,Houston
Name52,59,Male,3197,Phoenix
Name53,23,Female,4930,Chicago
Name54,21,Male,6582,Houston
Name55,25,Female,9895,Chicago
Name56,23,Male,9287,New York
Name57,48,Male,3608,New York
Name58,37,Male,6272,Houston
Name59,45,Female,4147,Houston
Name60,53,Female,7282,Phoenix
Name61,29,Female,6397,Phoenix
Name62,55,Female,5511,Chicago
Name63,33,Male,4794,Houston
Name64,50,Female,3659,New York
Name65,34,Male,5811,Phoenix
Name66,27,Male,9051,Phoenix
Name67,33,Female,9546,New York
Name68,42,Female,4369,Phoenix
Name69,59,Female,4986,Chicago
Name70,40,Female,8630,Houston
Name71,35,Female,3146,New York
Name72,37,Female,6219,Houston
Name73,43,Female,5911,Phoenix
Name74,45,Female,4734,Phoenix
Name75,44,Male,4843,New York
Name76,60,Female,3488,Chicago
Name77,48,Female,5976,Los Angeles
Name78,34,Male,4959,New York
Name79,20,Female,8759,Los Angeles
Name80,44,Male,9694,Los Angeles
Name81,26,Male,5385,Chicago
Name82,28,Female,5919,Los Angeles
Name83,43,Male,7736,Los Angeles
Name84,20,Male,4802,Chicago
Name85,27,Male,9616,Los Angeles
Name86,43,Male,9065,Los Angeles
Name87,30,Female,9294,Los Angeles
Name88,36,Male,8534,New York
Name89,27,Female,7061,New York
Name90,54,Male,6369,New York
Name91,54,Male,8730,Chicago
Name92,52,Male,3262,Phoenix
Name93,24,Male,8883,Los Angeles
Name94,58,Female,9287,Los Angeles
Name95,60,Female,9489,Chicago
Name96,47,Male,3623,Los Angeles
Name97,26,Male,4016,New York
Name98,28,Female,6643,Phoenix
Name99,27,Male,7976,Houston
Name100,31,Male,5049,Los Angeles
